nome;regional;macroregional;macroid
Antonina;1;Leste;1
Guaraqueçaba;1;Leste;1
Guaratuba;1;Leste;1
Matinhos;1;Leste;1
Morretes;1;Leste;1
Paranaguá;1;Leste;1
Pontal do Paraná;1;Leste;1
Adrianópolis;2;Leste;1
Agudos do Sul;2;Leste;1
Almirante Tamandaré;2;Leste;1
Araucária;2;Leste;1
Balsa Nova;2;Leste;1
Bocaiúva do Sul;2;Leste;1
Campina Grande do Sul;2;Leste;1
Campo do Tenente;2;Leste;1
Campo Largo;2;Leste;1
Campo Magro;2;Leste;1
Cerro Azul;2;Leste;1
Colombo;2;Leste;1
Contenda;2;Leste;1
Curitiba;2;Leste;1
Doutor Ulysses;2;Leste;1
Fazenda Rio Grande;2;Leste;1
Itaperuçu;2;Leste;1
Lapa;2;Leste;1
Mandirituba;2;Leste;1
Piên;2;Leste;1
Pinhais;2;Leste;1
Piraquara;2;Leste;1
Quatro Barras;2;Leste;1
Quitandinha;2;Leste;1
Rio Branco do Sul;2;Leste;1
Rio Negro;2;Leste;1
São José dos Pinhais;2;Leste;1
Tijucas do Sul;2;Leste;1
Tunas do Paraná;2;Leste;1
Arapoti;3;Leste;1
Carambeí;3;Leste;1
Castro;3;Leste;1
Ipiranga;3;Leste;1
Ivaí;3;Leste;1
Jaguariaíva;3;Leste;1
Palmeira;3;Leste;1
Piraí do Sul;3;Leste;1
Ponta Grossa;3;Leste;1
Porto Amazonas;3;Leste;1
São João do Triunfo;3;Leste;1
Sengés;3;Leste;1
Fernandes Pinheiro;4;Leste;1
Guamiranga;4;Leste;1
Imbituva;4;Leste;1
Inácio Martins;4;Leste;1
Irati;4;Leste;1
Mallet;4;Leste;1
Rebouças;4;Leste;1
Rio Azul;4;Leste;1
Teixeira Soares;4;Leste;1
Boa Ventura de São Roque;5;Leste;1
Campina do Simão;5;Leste;1
Candói;5;Leste;1
Cantagalo;5;Leste;1
Foz do Jordão;5;Leste;1
Goioxim;5;Leste;1
Guarapuava;5;Leste;1
Laranjal;5;Leste;1
Laranjeiras do Sul;5;Leste;1
Marquinho;5;Leste;1
Nova Laranjeiras;5;Leste;1
Palmital;5;Leste;1
Pinhão;5;Leste;1
Pitanga;5;Leste;1
Porto Barreiro;5;Leste;1
Prudentópolis;5;Leste;1
Reserva do Iguaçu;5;Leste;1
Rio Bonito do Iguaçu;5;Leste;1
Turvo;5;Leste;1
Virmond;5;Leste;1
Antônio Olinto;6;Leste;1
Bituruna;6;Leste;1
Cruz Machado;6;Leste;1
General Carneiro;6;Leste;1
Paula Freitas;6;Leste;1
Paulo Frontin;6;Leste;1
Porto Vitória;6;Leste;1
São Mateus do Sul;6;Leste;1
União da Vitória;6;Leste;1
Bom Sucesso do Sul;7;Leste;1
Chopinzinho;7;Leste;1
Clevelândia;7;Leste;1
Coronel Domingos Soares;7;Leste;1
Coronel Vivida;7;Leste;1
Honório Serpa;7;Leste;1
Itapejara d'Oeste;7;Leste;1
Mangueirinha;7;Leste;1
Mariópolis;7;Leste;1
Palmas;7;Leste;1
Pato Branco;7;Leste;1
São João;7;Leste;1
Saudade do Iguaçu;7;Leste;1
Sulina;7;Leste;1
Vitorino;7;Leste;1
Ampére;8;Oeste;2
Barracão;8;Oeste;2
Bela Vista do Carobá;8;Oeste;2
Boa Esperança do Iguaçu;8;Oeste;2
Bom Jesus do Sul;8;Oeste;2
Capanema;8;Oeste;2
Cruzeiro do Iguaçu;8;Oeste;2
Dois Vizinhos;8;Oeste;2
Enéas Marques;8;Oeste;2
Flor da Serra do Sul;8;Oeste;2
Francisco Beltrão;8;Oeste;2
Manfrinópolis;8;Oeste;2
Marmeleiro;8;Oeste;2
Nova Esperança do Sudoeste;8;Oeste;2
Nova Prata do Iguaçu;8;Oeste;2
Pérola d'Oeste;8;Oeste;2
Pinhal de São Bento;8;Oeste;2
Planalto;8;Oeste;2
Pranchita;8;Oeste;2
Realeza;8;Oeste;2
Renascença;8;Oeste;2
Salgado Filho;8;Oeste;2
Salto do Lontra;8;Oeste;2
Santa Izabel do Oeste;8;Oeste;2
Santo Antônio do Sudoeste;8;Oeste;2
Sao Jorge d'Oeste;8;Oeste;2
Verê;8;Oeste;2
Foz do Iguaçu;9;Oeste;2
Itaipulândia;9;Oeste;2
Matelândia;9;Oeste;2
Medianeira;9;Oeste;2
Missal;9;Oeste;2
Ramilândia;9;Oeste;2
Santa Terezinha de Itaipu;9;Oeste;2
São Miguel do Iguaçu;9;Oeste;2
Serranópolis do Iguaçu;9;Oeste;2
Anahy;10;Oeste;2
Boa Vista da Aparecida;10;Oeste;2
Braganey;10;Oeste;2
Cafelândia;10;Oeste;2
Campo Bonito;10;Oeste;2
Capitão Leônidas Marques;10;Oeste;2
Cascavel;10;Oeste;2
Catanduvas;10;Oeste;2
Céu Azul;10;Oeste;2
Corbélia;10;Oeste;2
Diamante do Sul;10;Oeste;2
Espigão Alto do Iguaçu;10;Oeste;2
Formosa do Oeste;10;Oeste;2
Guaraniaçu;10;Oeste;2
Ibema;10;Oeste;2
Iguatu;10;Oeste;2
Iracema do Oeste;10;Oeste;2
Jesuítas;10;Oeste;2
Lindoeste;10;Oeste;2
Nova Aurora;10;Oeste;2
Quedas do Iguaçu;10;Oeste;2
Santa Lúcia;10;Oeste;2
Santa Tereza do Oeste;10;Oeste;2
Três Barras do Paraná;10;Oeste;2
Vera Cruz do Oeste;10;Oeste;2
Altamira do Paraná;11;Noroeste;3
Araruna;11;Noroeste;3
Barbosa Ferraz;11;Noroeste;3
Boa Esperança;11;Noroeste;3
Campina da Lagoa;11;Noroeste;3
Campo Mourão;11;Noroeste;3
Corumbataí do Sul;11;Noroeste;3
Engenheiro Beltrão;11;Noroeste;3
Farol;11;Noroeste;3
Fênix;11;Noroeste;3
Goioerê;11;Noroeste;3
Iretama;11;Noroeste;3
Janiópolis;11;Noroeste;3
Juranda;11;Noroeste;3
Luiziana;11;Noroeste;3
Mamborê;11;Noroeste;3
Moreira Sales;11;Noroeste;3
Nova Cantu;11;Noroeste;3
Peabiru;11;Noroeste;3
Quarto Centenário;11;Noroeste;3
Quinta do Sol;11;Noroeste;3
Rancho Alegre d'Oeste;11;Noroeste;3
Roncador;11;Noroeste;3
Terra Boa;11;Noroeste;3
Ubiratã;11;Noroeste;3
Alto Paraíso;12;Noroeste;3
Alto Piquiri;12;Noroeste;3
Altônia;12;Noroeste;3
Brasilândia do Sul;12;Noroeste;3
Cafezal do Sul;12;Noroeste;3
Cruzeiro do Oeste;12;Noroeste;3
Douradina;12;Noroeste;3
Esperança Nova;12;Noroeste;3
Francisco Alves;12;Noroeste;3
Icaraíma;12;Noroeste;3
Iporã;12;Noroeste;3
Ivaté;12;Noroeste;3
Maria Helena;12;Noroeste;3
Mariluz;12;Noroeste;3
Nova Olímpia;12;Noroeste;3
Perobal;12;Noroeste;3
Pérola;12;Noroeste;3
São Jorge do Patrocínio;12;Noroeste;3
Tapira;12;Noroeste;3
Umuarama;12;Noroeste;3
Xambrê;12;Noroeste;3
Cianorte;13;Noroeste;3
Cidade Gaúcha;13;Noroeste;3
Guaporema;13;Noroeste;3
Indianópolis;13;Noroeste;3
Japurá;13;Noroeste;3
Jussara;13;Noroeste;3
Rondon;13;Noroeste;3
São Manoel do Paraná;13;Noroeste;3
São Tomé;13;Noroeste;3
Tapejara;13;Noroeste;3
Tuneiras do Oeste;13;Noroeste;3
Alto Paraná;14;Noroeste;3
Amaporã;14;Noroeste;3
Cruzeiro do Sul;14;Noroeste;3
Diamante do Norte;14;Noroeste;3
Guairacá;14;Noroeste;3
Inajá;14;Noroeste;3
Itaúna do Sul;14;Noroeste;3
Jardim Olinda;14;Noroeste;3
Loanda;14;Noroeste;3
Marilena;14;Noroeste;3
Mirador;14;Noroeste;3
Nova Aliança do Ivaí;14;Noroeste;3
Nova Londrina;14;Noroeste;3
Paraíso do Norte;14;Noroeste;3
Paranapoema;14;Noroeste;3
Paranavaí;14;Noroeste;3
Planaltina do Paraná;14;Noroeste;3
Porto Rico;14;Noroeste;3
Querência do Norte;14;Noroeste;3
Santa Cruz de Monte Castelo;14;Noroeste;3
Santa Isabel do Ivaí;14;Noroeste;3
Santa Mônica;14;Noroeste;3
Santo Antônio do Caiuá;14;Noroeste;3
São Carlos do Ivaí;14;Noroeste;3
São João do Caiuá;14;Noroeste;3
São Pedro do Paraná;14;Noroeste;3
Tamboara;14;Noroeste;3
Terra Rica;14;Noroeste;3
Ângulo;15;Noroeste;3
Astorga;15;Noroeste;3
Atalaia;15;Noroeste;3
Colorado;15;Noroeste;3
Doutor Camargo;15;Noroeste;3
Floraí;15;Noroeste;3
Floresta;15;Noroeste;3
Florida;15;Noroeste;3
Iguaraçu;15;Noroeste;3
Itaguajé;15;Noroeste;3
Itambé;15;Noroeste;3
Ivatuba;15;Noroeste;3
Lobato;15;Noroeste;3
Mandaguaçu;15;Noroeste;3
Mandaguari;15;Noroeste;3
Marialva;15;Noroeste;3
Maringá;15;Noroeste;3
Munhoz de Melo;15;Noroeste;3
Nossa Senhora das Graças;15;Noroeste;3
Nova Esperança;15;Noroeste;3
Ourizona;15;Noroeste;3
Paiçandu;15;Noroeste;3
Paranacity;15;Noroeste;3
Presidente Castelo Branco;15;Noroeste;3
Santa Fé;15;Noroeste;3
Santa Inês;15;Noroeste;3
Santo Inácio;15;Noroeste;3
Sao Jorge do Ivaí;15;Noroeste;3
Sarandi;15;Noroeste;3
Uniflor;15;Noroeste;3
Apucarana;16;Norte;4
Arapongas;16;Norte;4
Bom Sucesso;16;Norte;4
Borrazópolis;16;Norte;4
Califórnia;16;Norte;4
Cambira;16;Norte;4
Faxinal;16;Norte;4
Grandes Rios;16;Norte;4
Jandaia do Sul;16;Norte;4
Kaloré;16;Norte;4
Marilândia do Sul;16;Norte;4
Marumbi;16;Norte;4
Mauá da Serra;16;Norte;4
Novo Itacolomi;16;Norte;4
Rio Bom;16;Norte;4
Sabáudia;16;Norte;4
São Pedro do Ivaí;16;Norte;4
Alvorada do Sul;17;Norte;4
Assaí;17;Norte;4
Bela Vista do Paraíso;17;Norte;4
Cafeara;17;Norte;4
Cambé;17;Norte;4
Centenário do Sul;17;Norte;4
Florestópolis;17;Norte;4
Guaraci;17;Norte;4
Ibiporã;17;Norte;4
Jaguapitã;17;Norte;4
Jataizinho;17;Norte;4
Londrina;17;Norte;4
Lupionópolis;17;Norte;4
Miraselva;17;Norte;4
Pitangueiras;17;Norte;4
Porecatu;17;Norte;4
Prado Ferreira;17;Norte;4
Primeiro de Maio;17;Norte;4
Rolândia;17;Norte;4
Sertanópolis;17;Norte;4
Tamarana;17;Norte;4
Abatiá;18;Norte;4
Andirá;18;Norte;4
Bandeirantes;18;Norte;4
Congonhinhas;18;Norte;4
Cornélio Procópio;18;Norte;4
Itambaracá;18;Norte;4
Leópolis;18;Norte;4
Nova América da Colina;18;Norte;4
Nova Fátima;18;Norte;4
Nova Santa Bárbara;18;Norte;4
Rancho Alegre;18;Norte;4
Ribeirão do Pinhal;18;Norte;4
Santa Amélia;18;Norte;4
Santa Cecília do Pavão;18;Norte;4
Santa Mariana;18;Norte;4
Santo Antônio do Paraíso;18;Norte;4
São Jerônimo da Serra;18;Norte;4
São Sebastião da Amoreira;18;Norte;4
Sapopema;18;Norte;4
Sertaneja;18;Norte;4
Uraí;18;Norte;4
Barra do Jacaré;19;Norte;4
Cambará;19;Norte;4
Carlópolis;19;Norte;4
Conselheiro Mairinck;19;Norte;4
Figueira;19;Norte;4
Guarapirama;19;Norte;4
Ibaiti;19;Norte;4
Jaboti;19;Norte;4
Jacarezinho;19;Norte;4
Japira;19;Norte;4
Joaquim Távora;19;Norte;4
Jundiaí do Sul;19;Norte;4
Pinhalão;19;Norte;4
Quatiguá;19;Norte;4
Ribeirão Claro;19;Norte;4
Salto do Itararé;19;Norte;4
Santana do Itararé;19;Norte;4
Santo Antônio da Platina;19;Norte;4
São José da Boa Vista;19;Norte;4
Siqueira Campos;19;Norte;4
Tomazina;19;Norte;4
Wenceslau Braz;19;Norte;4
Assis Chateaubriand;20;Oeste;2
Diamante d'Oeste;20;Oeste;2
Entre Rios do Oeste;20;Oeste;2
Guaíra;20;Oeste;2
Marechal Cândido Rondon;20;Oeste;2
Maripá;20;Oeste;2
Mercedes;20;Oeste;2
Nova Santa Rosa;20;Oeste;2
Ouro Verde do Oeste;20;Oeste;2
Palotina;20;Oeste;2
Pato Bragado;20;Oeste;2
Quatro Pontes;20;Oeste;2
Santa Helena;20;Oeste;2
São José das Palmeiras;20;Oeste;2
São Pedro do Iguaçu;20;Oeste;2
Terra Roxa;20;Oeste;2
Toledo;20;Oeste;2
Tupãssi;20;Oeste;2
Curiúva;21;Leste;1
Imbaú;21;Leste;1
Ortigueira;21;Leste;1
Reserva;21;Leste;1
Telêmaco Borba;21;Leste;1
Tibagi;21;Leste;1
Ventania;21;Leste;1
Arapuã;22;Norte;4
Ariranha do Ivaí;22;Norte;4
Cândido de Abreu;22;Norte;4
Cruzmaltina;22;Norte;4
Godoy Moreira;22;Norte;4
Ivaiporã;22;Norte;4
Jardim Alegre;22;Norte;4
Lidianópolis;22;Norte;4
Lunardelli;22;Norte;4
Manoel Ribas;22;Norte;4
Mato Rico;22;Norte;4
Nova Tebas;22;Norte;4
Rio Branco do Ivaí;22;Norte;4
Rosário do Ivaí;22;Norte;4
Santa Maria do Oeste;22;Norte;4
São João do Ivaí;22;Norte;4
